<?xml version="1.0" encoding="UTF-8"?>
<!DOCTYPE hibernate-configuration PUBLIC "-//Hibernate/Hibernate Configuration DTD 3.0//EN" "http://hibernate.sourceforge.net/hibernate-configuration-3.0.dtd">
<hibernate-configuration>
  <session-factory>
    <property name="hibernate.connection.driver_class">oracle.jdbc.driver.OracleDriver</property>
    <property name="hibernate.connection.url">jdbc:oracle:thin:@localhost:1521:XE</property>
    <property name="hibernate.connection.username">fmsuser</property>
    <property name="hibernate.connection.password">fmsuser</property>
    <property name="hibernate.default_schema">FMSUSER</property>
    <property name="hibernate.dialect">org.hibernate.dialect.OracleDialect</property>
    <property name="hibernate.connection.pool_size">10</property>
    <property name="show_sql">true</property>
    <property name="hibernate.current_session_context_class">thread</property>
    <property name="hibernate.dialect">org.hibernate.dialect.OracleDialect</property>
    <property name="hibernate.query.factory_class">org.hibernate.hql.ast.ASTQueryTranslatorFactory</property>
    <mapping resource="openones/oopms/entity/Requirements.hbm.xml"/>
	<mapping resource="openones/oopms/entity/Project.hbm.xml"/>
	<mapping resource="openones/oopms/entity/Developer.hbm.xml"/>
	<mapping resource="openones/oopms/entity/Assignment.hbm.xml"/>
	<mapping resource="openones/oopms/entity/Timesheet.hbm.xml"/>
  </session-factory>
</hibernate-configuration>
