insert into PROJECT (PROJECT_ID, TYPE, CODE, NAME, GROUP_NAME, START_DATE, PER_COMPLETE, LEADER, BASE_FINISH_DATE, PLAN_FINISH_DATE, ACTUAL_FINISH_DATE, BASE_EFFORT, PLAN_EFFORT, ACTUAL_EFFORT, DESCRIPTION, TOTALBUG, TOTALWEIGHTEDBUG, TOTALREQUIREMENT, COMMITTEDREQUIREMENT, DESIGNEDREQUIREMENT, CODEDREQUIREMENT, TESTEDREQUIREMENT, DEPLOYEDREQUIREMENT, ACCEPTEDREQUIREMENT, TOTALDEFECT, TOTALWEIGHTEDDEFECT, FATALPENDINGDEFECT, SERIOUSPENDINGDEFECT, MEDIUMPENDINGDEFECT, COSMETICPENDINGDEFECT, TOTALFATALDEFECT, TOTALSERIOUSDEFECT, TOTALMEDIUMDEFECT, TOTALCOSMETICDEFECT, STATUS, SCHEDULE_STATUS, EFFORT_STATUS, LAST_UPDATE, CATEGORY, CUSTOMER, PLAN_START_DATE, APPLY_PPM, REASON, BASE_BILLABLE_EFFORT, PLAN_BILLABLE_EFFORT, ACTUAL_BILLABLE_EFFORT, RANK, CUSTOMER_2ND, PROJECT_LEVEL, DIVISION_NAME, ARCHIVE_STATUS, PARENT_ID, UNIT_ID, PROJECT_STATUS_CODE, PROJECT_CATEGORY_CODE, PROJECT_TYPE_CODE, TYPE_CUSTOMER, TYPE_CUSTOMER_2ND) values (118386, '2', 'PDM01', 'Project Demo', null, null, null, null, null, TIMESTAMP '2012-07-27 00:00:00', null, null, null, null, null, null, null, null, null, null, null, null, null, null, null, null, null, null, null, null, null, null, null, null, null, null, null, null, null, 'asdfsdf', TIMESTAMP '2012-07-24 00:00:00', null, null, null, null, null, null, 'sdfasdf', null, null, null, null, null, '173', '181', null, null, null);
insert into PROJECT (PROJECT_ID, TYPE, CODE, NAME, GROUP_NAME, START_DATE, PER_COMPLETE, LEADER, BASE_FINISH_DATE, PLAN_FINISH_DATE, ACTUAL_FINISH_DATE, BASE_EFFORT, PLAN_EFFORT, ACTUAL_EFFORT, DESCRIPTION, TOTALBUG, TOTALWEIGHTEDBUG, TOTALREQUIREMENT, COMMITTEDREQUIREMENT, DESIGNEDREQUIREMENT, CODEDREQUIREMENT, TESTEDREQUIREMENT, DEPLOYEDREQUIREMENT, ACCEPTEDREQUIREMENT, TOTALDEFECT, TOTALWEIGHTEDDEFECT, FATALPENDINGDEFECT, SERIOUSPENDINGDEFECT, MEDIUMPENDINGDEFECT, COSMETICPENDINGDEFECT, TOTALFATALDEFECT, TOTALSERIOUSDEFECT, TOTALMEDIUMDEFECT, TOTALCOSMETICDEFECT, STATUS, SCHEDULE_STATUS, EFFORT_STATUS, LAST_UPDATE, CATEGORY, CUSTOMER, PLAN_START_DATE, APPLY_PPM, REASON, BASE_BILLABLE_EFFORT, PLAN_BILLABLE_EFFORT, ACTUAL_BILLABLE_EFFORT, RANK, CUSTOMER_2ND, PROJECT_LEVEL, DIVISION_NAME, ARCHIVE_STATUS, PARENT_ID, UNIT_ID, PROJECT_STATUS_CODE, PROJECT_CATEGORY_CODE, PROJECT_TYPE_CODE, TYPE_CUSTOMER, TYPE_CUSTOMER_2ND) values (118387, '2', 'PDM02', 'Project Demo 02', null, null, null, null, null, TIMESTAMP '2012-07-27 00:00:00', null, null, null, null, 't', null, null, null, null, null, null, null, null, null, null, null, null, null, null, null, null, null, null, null, null, null, null, null, null, null, TIMESTAMP '2012-07-24 00:00:00', null, null, null, null, null, null, null, null, null, null, null, null, '173', '180', null, null, null);
insert into PROJECT (PROJECT_ID, TYPE, CODE, NAME, GROUP_NAME, START_DATE, PER_COMPLETE, LEADER, BASE_FINISH_DATE, PLAN_FINISH_DATE, ACTUAL_FINISH_DATE, BASE_EFFORT, PLAN_EFFORT, ACTUAL_EFFORT, DESCRIPTION, TOTALBUG, TOTALWEIGHTEDBUG, TOTALREQUIREMENT, COMMITTEDREQUIREMENT, DESIGNEDREQUIREMENT, CODEDREQUIREMENT, TESTEDREQUIREMENT, DEPLOYEDREQUIREMENT, ACCEPTEDREQUIREMENT, TOTALDEFECT, TOTALWEIGHTEDDEFECT, FATALPENDINGDEFECT, SERIOUSPENDINGDEFECT, MEDIUMPENDINGDEFECT, COSMETICPENDINGDEFECT, TOTALFATALDEFECT, TOTALSERIOUSDEFECT, TOTALMEDIUMDEFECT, TOTALCOSMETICDEFECT, STATUS, SCHEDULE_STATUS, EFFORT_STATUS, LAST_UPDATE, CATEGORY, CUSTOMER, PLAN_START_DATE, APPLY_PPM, REASON, BASE_BILLABLE_EFFORT, PLAN_BILLABLE_EFFORT, ACTUAL_BILLABLE_EFFORT, RANK, CUSTOMER_2ND, PROJECT_LEVEL, DIVISION_NAME, ARCHIVE_STATUS, PARENT_ID, UNIT_ID, PROJECT_STATUS_CODE, PROJECT_CATEGORY_CODE, PROJECT_TYPE_CODE, TYPE_CUSTOMER, TYPE_CUSTOMER_2ND) values (118388, '0', 'OOPMSTEST2', 'PMSTEST2', 'OOPMS', TIMESTAMP '2012-05-15 00:00:00', null, 'PNTG', TIMESTAMP '2012-08-18 00:00:00', null, null, 160, null, null, null, null, null, null, null, null, null, null, null, null, null, null, null, null, null, null, null, null, null, null, '3', null, null, null, '0', null, TIMESTAMP '2012-05-07 00:00:00', null, null, 160, null, null, null, null, null, null, 0, null, 0, null, 'DEVELOPMENT', 'EXTERNAL', null, null);
insert into PROJECT (PROJECT_ID, TYPE, CODE, NAME, GROUP_NAME, START_DATE, PER_COMPLETE, LEADER, BASE_FINISH_DATE, PLAN_FINISH_DATE, ACTUAL_FINISH_DATE, BASE_EFFORT, PLAN_EFFORT, ACTUAL_EFFORT, DESCRIPTION, TOTALBUG, TOTALWEIGHTEDBUG, TOTALREQUIREMENT, COMMITTEDREQUIREMENT, DESIGNEDREQUIREMENT, CODEDREQUIREMENT, TESTEDREQUIREMENT, DEPLOYEDREQUIREMENT, ACCEPTEDREQUIREMENT, TOTALDEFECT, TOTALWEIGHTEDDEFECT, FATALPENDINGDEFECT, SERIOUSPENDINGDEFECT, MEDIUMPENDINGDEFECT, COSMETICPENDINGDEFECT, TOTALFATALDEFECT, TOTALSERIOUSDEFECT, TOTALMEDIUMDEFECT, TOTALCOSMETICDEFECT, STATUS, SCHEDULE_STATUS, EFFORT_STATUS, LAST_UPDATE, CATEGORY, CUSTOMER, PLAN_START_DATE, APPLY_PPM, REASON, BASE_BILLABLE_EFFORT, PLAN_BILLABLE_EFFORT, ACTUAL_BILLABLE_EFFORT, RANK, CUSTOMER_2ND, PROJECT_LEVEL, DIVISION_NAME, ARCHIVE_STATUS, PARENT_ID, UNIT_ID, PROJECT_STATUS_CODE, PROJECT_CATEGORY_CODE, PROJECT_TYPE_CODE, TYPE_CUSTOMER, TYPE_CUSTOMER_2ND) values (118385, '0', 'OOPMSTEST', 'PMSTEST', 'OOPMS', TIMESTAMP '2012-05-15 00:00:00', null, 'PNTG', TIMESTAMP '2012-08-18 00:00:00', null, null, 160, null, null, null, null, null, null, null, null, null, null, null, null, null, null, null, null, null, null, null, null, null, null, '3', null, null, null, '0', null, TIMESTAMP '2012-05-07 00:00:00', null, null, 160, null, null, null, null, null, null, 0, null, 0, null, 'DEVELOPMENT', 'EXTERNAL', null, null);

insert into MODULE (MODULE_ID, PROJECT_ID, NAME, WP_ID, PLANNED_DEFECT, REPLANNED_DEFECT, PLANNED_REVIEW_DATE, PLANNED_RELEASE_DATE, PLANNED_TEST_END_DATE, PLANNED_SIZE, REPLANNED_SIZE, ACTUAL_REVIEW_DATE, ACTUAL_RELEASE_DATE, ACTUAL_TEST_END_DATE, ACTUAL_SIZE, REUSE, IS_DELIVERABLE, DELIVERY_LOCATION, NOTE, STATUS, COMMITED_DELIVERY_DATE, ACTUAL_DELIVERY_DATE, CONDUCTOR, REVIEWERS, APPROVERS, PLANNED_SIZE_UNIT_ID, ACTUAL_SIZE_UNIT_ID, PLANNED_SIZE_TYPE, ACTUAL_SIZE_TYPE, REPLANNED_RELEASE_DATE, BASELINE, BASELINE_STATUS, BASELINE_NOTE, REPLAN_DEFECT_RATE, NOTE_DEFECT_RATE, REASION, ACTION, WORKPRODUCT_CODE, NEW_PLAN_SIZE_TEST, NEW_PLAN_SIZE_REV, IS_DEFECT_REVIEW, IS_DEFECT_TEST) values (171163, 118385, 'Report
02', 55, null, null, null, TIMESTAMP '2012-07-11 00:00:00', null, 7, null, null, null, null, 0, 0, 1, null, null, 173, null, null, null, null, null, 657, 657, 0, null, null, null, 1, null, null, null, null, null, 'REPORT', null, null, 0, 0);
insert into MODULE (MODULE_ID, PROJECT_ID, NAME, WP_ID, PLANNED_DEFECT, REPLANNED_DEFECT, PLANNED_REVIEW_DATE, PLANNED_RELEASE_DATE, PLANNED_TEST_END_DATE, PLANNED_SIZE, REPLANNED_SIZE, ACTUAL_REVIEW_DATE, ACTUAL_RELEASE_DATE, ACTUAL_TEST_END_DATE, ACTUAL_SIZE, REUSE, IS_DELIVERABLE, DELIVERY_LOCATION, NOTE, STATUS, COMMITED_DELIVERY_DATE, ACTUAL_DELIVERY_DATE, CONDUCTOR, REVIEWERS, APPROVERS, PLANNED_SIZE_UNIT_ID, ACTUAL_SIZE_UNIT_ID, PLANNED_SIZE_TYPE, ACTUAL_SIZE_TYPE, REPLANNED_RELEASE_DATE, BASELINE, BASELINE_STATUS, BASELINE_NOTE, REPLAN_DEFECT_RATE, NOTE_DEFECT_RATE, REASION, ACTION, WORKPRODUCT_CODE, NEW_PLAN_SIZE_TEST, NEW_PLAN_SIZE_REV, IS_DEFECT_REVIEW, IS_DEFECT_TEST) values (171180, 118386, 'product 01', null, null, null, null, null, null, 199, null, null, null, null, 0, null, 0, null, 'qwqwqw', null, null, null, null, null, null, 3, 6, null, null, null, null, null, null, null, null, null, null, 'ACCEPTANCE_NOTE', null, null, null, null);
insert into MODULE (MODULE_ID, PROJECT_ID, NAME, WP_ID, PLANNED_DEFECT, REPLANNED_DEFECT, PLANNED_REVIEW_DATE, PLANNED_RELEASE_DATE, PLANNED_TEST_END_DATE, PLANNED_SIZE, REPLANNED_SIZE, ACTUAL_REVIEW_DATE, ACTUAL_RELEASE_DATE, ACTUAL_TEST_END_DATE, ACTUAL_SIZE, REUSE, IS_DELIVERABLE, DELIVERY_LOCATION, NOTE, STATUS, COMMITED_DELIVERY_DATE, ACTUAL_DELIVERY_DATE, CONDUCTOR, REVIEWERS, APPROVERS, PLANNED_SIZE_UNIT_ID, ACTUAL_SIZE_UNIT_ID, PLANNED_SIZE_TYPE, ACTUAL_SIZE_TYPE, REPLANNED_RELEASE_DATE, BASELINE, BASELINE_STATUS, BASELINE_NOTE, REPLAN_DEFECT_RATE, NOTE_DEFECT_RATE, REASION, ACTION, WORKPRODUCT_CODE, NEW_PLAN_SIZE_TEST, NEW_PLAN_SIZE_REV, IS_DEFECT_REVIEW, IS_DEFECT_TEST) values (171161, 118387, 'Report 01', 55, null, null, null, TIMESTAMP '2012-05-17 00:00:00', null, 295, null, null, null, null, 70, 0, 1, null, null, 173, null, null, null, null, null, 657, 657, 0, null, null, null, 1, null, null, null, null, null, 'REPORT', null, null, 0, 0);

insert into TASKS (TASKID, WORKUNITID, DESCRIPTION, ASSIGNEDTO, EFFORT, PLAN_DATE, ACTUAL_DATE, STATUS, TYPE, NOTE, PROCESS, REPLAN_DATE, FEASIBLE, CODE, TASKNAME, STAGEID, PRODUCT, PRODUCTSIZE, COMPLETEDSIZE, STARTDATE, PLANNEDEFFORT, CURRENTEFFORT, PROJECTID, STATUSID, ACTIVE, MODULEID, SIZEUNIT) values (17, null, 'f', 118124, null, TIMESTAMP '2012-08-03 00:00:00', null, 0, 0, null, 19, null, null, null, 'Project Demo2 task 1', 7, null, 100, 10, TIMESTAMP '2012-07-04 00:00:00', 0, 0, 118387, 173, 1, 171161, 657);
insert into TASKS (TASKID, WORKUNITID, DESCRIPTION, ASSIGNEDTO, EFFORT, PLAN_DATE, ACTUAL_DATE, STATUS, TYPE, NOTE, PROCESS, REPLAN_DATE, FEASIBLE, CODE, TASKNAME, STAGEID, PRODUCT, PRODUCTSIZE, COMPLETEDSIZE, STARTDATE, PLANNEDEFFORT, CURRENTEFFORT, PROJECTID, STATUSID, ACTIVE, MODULEID, SIZEUNIT) values (1, null, 'sdsdsd', 118124, 22, TIMESTAMP '2012-07-04 00:00:00', TIMESTAMP '2012-08-05 00:00:00', 0, 0, null, 17, null, null, null, 'Project Demo task "1"', 10, 58, 12, 0, TIMESTAMP '2012-07-02 00:00:00', 33, 22, 118386, 174, 1, 171180, 657);
insert into TASKS (TASKID, WORKUNITID, DESCRIPTION, ASSIGNEDTO, EFFORT, PLAN_DATE, ACTUAL_DATE, STATUS, TYPE, NOTE, PROCESS, REPLAN_DATE, FEASIBLE, CODE, TASKNAME, STAGEID, PRODUCT, PRODUCTSIZE, COMPLETEDSIZE, STARTDATE, PLANNEDEFFORT, CURRENTEFFORT, PROJECTID, STATUSID, ACTIVE, MODULEID, SIZEUNIT) values (2, null, 'sdsdsd', 118168, null, TIMESTAMP '2012-07-04 00:00:00', null, 0, 0, null, 17, null, null, null, 'Project Demo task "2"', 3, 58, 12, 0, TIMESTAMP '2012-07-02 00:00:00', 33, 0, 118386, 175, 1, 171180, 657);
insert into TASKS (TASKID, WORKUNITID, DESCRIPTION, ASSIGNEDTO, EFFORT, PLAN_DATE, ACTUAL_DATE, STATUS, TYPE, NOTE, PROCESS, REPLAN_DATE, FEASIBLE, CODE, TASKNAME, STAGEID, PRODUCT, PRODUCTSIZE, COMPLETEDSIZE, STARTDATE, PLANNEDEFFORT, CURRENTEFFORT, PROJECTID, STATUSID, ACTIVE, MODULEID, SIZEUNIT) values (3, null, 'sdsdsd', 118171, null, TIMESTAMP '2012-07-04 00:00:00', null, 0, 0, null, 17, null, null, null, 'Project Demo task 3', 3, 58, 12, 0, TIMESTAMP '2012-07-02 00:00:00', 33, 22, 118386, 175, 1, 171180, 657);
insert into TASKS (TASKID, WORKUNITID, DESCRIPTION, ASSIGNEDTO, EFFORT, PLAN_DATE, ACTUAL_DATE, STATUS, TYPE, NOTE, PROCESS, REPLAN_DATE, FEASIBLE, CODE, TASKNAME, STAGEID, PRODUCT, PRODUCTSIZE, COMPLETEDSIZE, STARTDATE, PLANNEDEFFORT, CURRENTEFFORT, PROJECTID, STATUSID, ACTIVE, MODULEID, SIZEUNIT) values (4, null, 'sdsdsd', 118168, null, TIMESTAMP '2012-07-04 00:00:00', null, 0, 0, null, 17, null, null, null, 'Project Demo task 4', 3, 58, 12, 0, TIMESTAMP '2012-07-02 00:00:00', 33, 0, 118386, 173, 1, 171180, 657);
insert into TASKS (TASKID, WORKUNITID, DESCRIPTION, ASSIGNEDTO, EFFORT, PLAN_DATE, ACTUAL_DATE, STATUS, TYPE, NOTE, PROCESS, REPLAN_DATE, FEASIBLE, CODE, TASKNAME, STAGEID, PRODUCT, PRODUCTSIZE, COMPLETEDSIZE, STARTDATE, PLANNEDEFFORT, CURRENTEFFORT, PROJECTID, STATUSID, ACTIVE, MODULEID, SIZEUNIT) values (11, null, 'task kho vl', 118124, null, TIMESTAMP '2012-09-13 00:00:00', null, 0, 0, null, 3, null, null, null, 'Project Demo2 task 2', 8, null, 90, 60, TIMESTAMP '2012-02-02 00:00:00', 2, 0, 118387, 173, 1, 171161, 657);
insert into TASKS (TASKID, WORKUNITID, DESCRIPTION, ASSIGNEDTO, EFFORT, PLAN_DATE, ACTUAL_DATE, STATUS, TYPE, NOTE, PROCESS, REPLAN_DATE, FEASIBLE, CODE, TASKNAME, STAGEID, PRODUCT, PRODUCTSIZE, COMPLETEDSIZE, STARTDATE, PLANNEDEFFORT, CURRENTEFFORT, PROJECTID, STATUSID, ACTIVE, MODULEID, SIZEUNIT) values (12, null, 'as', 118124, null, TIMESTAMP '2012-08-03 00:00:00', null, 0, 0, null, 19, null, null, null, 'Project Demo2 task 3', 9, null, 50, 0, TIMESTAMP '2012-08-01 00:00:00', 0, 0, 118387, 173, 1, 171161, 657);
insert into TASKS (TASKID, WORKUNITID, DESCRIPTION, ASSIGNEDTO, EFFORT, PLAN_DATE, ACTUAL_DATE, STATUS, TYPE, NOTE, PROCESS, REPLAN_DATE, FEASIBLE, CODE, TASKNAME, STAGEID, PRODUCT, PRODUCTSIZE, COMPLETEDSIZE, STARTDATE, PLANNEDEFFORT, CURRENTEFFORT, PROJECTID, STATUSID, ACTIVE, MODULEID, SIZEUNIT) values (13, null, 'tttkkkkk', 118124, 0, TIMESTAMP '2012-08-02 00:00:00', TIMESTAMP '2012-08-06 00:00:00', 0, 0, null, 19, null, null, null, 'Project Demo2 task 4', 10, 80, 0, 0, TIMESTAMP '2012-08-01 00:00:00', 0, 0, 118387, 174, 1, 171161, 657);
insert into TASKS (TASKID, WORKUNITID, DESCRIPTION, ASSIGNEDTO, EFFORT, PLAN_DATE, ACTUAL_DATE, STATUS, TYPE, NOTE, PROCESS, REPLAN_DATE, FEASIBLE, CODE, TASKNAME, STAGEID, PRODUCT, PRODUCTSIZE, COMPLETEDSIZE, STARTDATE, PLANNEDEFFORT, CURRENTEFFORT, PROJECTID, STATUSID, ACTIVE, MODULEID, SIZEUNIT) values (14, null, '0', 118124, 0, TIMESTAMP '2012-08-03 00:00:00', TIMESTAMP '2012-08-06 00:00:00', 0, 0, null, 18, null, null, null, 'Task of OOPMS <b>01</b>', 1, 42, 0, 0, TIMESTAMP '2012-08-01 00:00:00', 0, 0, 118385, 174, 1, 171163, 657);
insert into TASKS (TASKID, WORKUNITID, DESCRIPTION, ASSIGNEDTO, EFFORT, PLAN_DATE, ACTUAL_DATE, STATUS, TYPE, NOTE, PROCESS, REPLAN_DATE, FEASIBLE, CODE, TASKNAME, STAGEID, PRODUCT, PRODUCTSIZE, COMPLETEDSIZE, STARTDATE, PLANNEDEFFORT, CURRENTEFFORT, PROJECTID, STATUSID, ACTIVE, MODULEID, SIZEUNIT) values (15, null, 'kj', 118124, 0, TIMESTAMP '2012-08-02 00:00:00', TIMESTAMP '2012-08-06 00:00:00', 0, 0, null, 18, null, null, null, 'Project Demo2 task 5', 11, 42, 0, 0, TIMESTAMP '2012-07-02 00:00:00', 0, 0, 118387, 174, 1, 171161, 657);
insert into TASKS (TASKID, WORKUNITID, DESCRIPTION, ASSIGNEDTO, EFFORT, PLAN_DATE, ACTUAL_DATE, STATUS, TYPE, NOTE, PROCESS, REPLAN_DATE, FEASIBLE, CODE, TASKNAME, STAGEID, PRODUCT, PRODUCTSIZE, COMPLETEDSIZE, STARTDATE, PLANNEDEFFORT, CURRENTEFFORT, PROJECTID, STATUSID, ACTIVE, MODULEID, SIZEUNIT) values (5, null, 'sdsdsd', 118124, null, TIMESTAMP '2012-07-04 00:00:00', null, 0, 0, null, 17, null, null, null, 'Task of OOPMS "02"', 3, 58, 12, 0, TIMESTAMP '2012-07-02 00:00:00', 33, 0, 118385, 175, 1, 171163, 657);
insert into TASKS (TASKID, WORKUNITID, DESCRIPTION, ASSIGNEDTO, EFFORT, PLAN_DATE, ACTUAL_DATE, STATUS, TYPE, NOTE, PROCESS, REPLAN_DATE, FEASIBLE, CODE, TASKNAME, STAGEID, PRODUCT, PRODUCTSIZE, COMPLETEDSIZE, STARTDATE, PLANNEDEFFORT, CURRENTEFFORT, PROJECTID, STATUSID, ACTIVE, MODULEID, SIZEUNIT) values (6, null, 'sdsdsd', 118124, null, TIMESTAMP '2012-07-04 00:00:00', null, 0, 0, null, 17, null, null, null, 'Task of OOPMS 03<b>', 3, 58, 12, 0, TIMESTAMP '2012-07-02 00:00:00', 33, 0, 118385, 176, 1, 171163, 657);
insert into TASKS (TASKID, WORKUNITID, DESCRIPTION, ASSIGNEDTO, EFFORT, PLAN_DATE, ACTUAL_DATE, STATUS, TYPE, NOTE, PROCESS, REPLAN_DATE, FEASIBLE, CODE, TASKNAME, STAGEID, PRODUCT, PRODUCTSIZE, COMPLETEDSIZE, STARTDATE, PLANNEDEFFORT, CURRENTEFFORT, PROJECTID, STATUSID, ACTIVE, MODULEID, SIZEUNIT) values (7, null, 'sdsdsd', 118124, 2, TIMESTAMP '2012-07-04 00:00:00', TIMESTAMP '2012-07-04 00:00:00', 0, 0, null, 17, null, null, null, 'Task of OOPMS 04', 3, 58, 12, 0, TIMESTAMP '2012-07-02 00:00:00', 33, 0, 118385, 173, 1, 171163, 657);
insert into TASKS (TASKID, WORKUNITID, DESCRIPTION, ASSIGNEDTO, EFFORT, PLAN_DATE, ACTUAL_DATE, STATUS, TYPE, NOTE, PROCESS, REPLAN_DATE, FEASIBLE, CODE, TASKNAME, STAGEID, PRODUCT, PRODUCTSIZE, COMPLETEDSIZE, STARTDATE, PLANNEDEFFORT, CURRENTEFFORT, PROJECTID, STATUSID, ACTIVE, MODULEID, SIZEUNIT) values (8, null, 'sdsdsd', 118124, 2, TIMESTAMP '2012-07-04 00:00:00', TIMESTAMP '2012-07-04 00:00:00', 0, 0, null, 17, null, null, null, 'Task of OOPMS 05', 3, 58, 12, 0, TIMESTAMP '2012-07-02 00:00:00', 33, 0, 118385, 173, 1, 171163, 657);
insert into TASKS (TASKID, WORKUNITID, DESCRIPTION, ASSIGNEDTO, EFFORT, PLAN_DATE, ACTUAL_DATE, STATUS, TYPE, NOTE, PROCESS, REPLAN_DATE, FEASIBLE, CODE, TASKNAME, STAGEID, PRODUCT, PRODUCTSIZE, COMPLETEDSIZE, STARTDATE, PLANNEDEFFORT, CURRENTEFFORT, PROJECTID, STATUSID, ACTIVE, MODULEID, SIZEUNIT) values (9, null, 'sdsdsd', 118124, 2, TIMESTAMP '2012-07-04 00:00:00', TIMESTAMP '2012-07-04 00:00:00', 0, 0, null, 17, null, null, null, 'Task of OOPMS 06', 3, 58, 12, 0, TIMESTAMP '2012-07-02 00:00:00', 33, 0, 118385, 173, 1, 171163, 657);
insert into TASKS (TASKID, WORKUNITID, DESCRIPTION, ASSIGNEDTO, EFFORT, PLAN_DATE, ACTUAL_DATE, STATUS, TYPE, NOTE, PROCESS, REPLAN_DATE, FEASIBLE, CODE, TASKNAME, STAGEID, PRODUCT, PRODUCTSIZE, COMPLETEDSIZE, STARTDATE, PLANNEDEFFORT, CURRENTEFFORT, PROJECTID, STATUSID, ACTIVE, MODULEID, SIZEUNIT) values (10, null, 'sdsdsd', 118124, 2, TIMESTAMP '2012-07-04 00:00:00', TIMESTAMP '2012-07-04 00:00:00', 0, 0, null, 17, null, null, null, 'Task of OOPMS 07', 3, 58, 12, 0, TIMESTAMP '2012-07-02 00:00:00', 33, 0, 118385, 173, 1, 171163, 657);
insert into TASKS (TASKID, WORKUNITID, DESCRIPTION, ASSIGNEDTO, EFFORT, PLAN_DATE, ACTUAL_DATE, STATUS, TYPE, NOTE, PROCESS, REPLAN_DATE, FEASIBLE, CODE, TASKNAME, STAGEID, PRODUCT, PRODUCTSIZE, COMPLETEDSIZE, STARTDATE, PLANNEDEFFORT, CURRENTEFFORT, PROJECTID, STATUSID, ACTIVE, MODULEID, SIZEUNIT) values (16, null, 'as', 118124, null, TIMESTAMP '2012-09-13 00:00:00', null, 0, 0, null, 18, null, null, null, 'Task of OOPMS 08', 2, null, 0, 0, TIMESTAMP '2012-07-02 00:00:00', 0, 0, 118385, 176, 1, 171163, 657);