<?xml version="1.0" encoding="UTF-8"?>  
<portlet-app xmlns="http://java.sun.com/xml/ns/portlet/portlet-app_2_0.xsd" version="2.0"  
  xmlns:xsi="http://www.w3.org/2001/XMLSchema-instance"  
  xsi:schemaLocation="http://java.sun.com/xml/ns/portlet/portlet-app_2_0.xsd http://java.sun.com/xml/ns/portlet/portlet-app_2_0.xsd">  
  <portlet>  
    <description>RequirementPortlet</description>  
    <portlet-name>RequirementPortlet</portlet-name>  
    <display-name>RequirementPortlet</display-name>  
    <portlet-class>org.springframework.web.portlet.DispatcherPortlet</portlet-class>  
    <expiration-cache>0</expiration-cache>  
    <supports>  
      <mime-type>text/html</mime-type>  
      <portlet-mode>VIEW</portlet-mode>  
      <portlet-mode>EDIT</portlet-mode>  
      <portlet-mode>HELP</portlet-mode>  
    </supports>  
    <resource-bundle></resource-bundle>  
    <portlet-info>  
      <title>RequirementPortlet</title>  
      <short-title>RequirementPortlet</short-title>  
    </portlet-info>  
  </portlet>  
</portlet-app>  
