<?xml version="1.0" encoding="UTF-8"?>
<beans xmlns="http://www.springframework.org/schema/beans" xmlns:xsi="http://www.w3.org/2001/XMLSchema-instance"
  xmlns:context="http://www.springframework.org/schema/context"
  xsi:schemaLocation="http://www.springframework.org/schema/beans http://www.springframework.org/schema/beans/spring-beans.xsd
        http://www.springframework.org/schema/context http://www.springframework.org/schema/context/spring-context.xsd">

  <!-- Enable auto-detection annotation controller -->
  <context:component-scan base-package="openones.oopms.requirement.controller" />

  <bean class="org.springframework.web.portlet.mvc.annotation.DefaultAnnotationHandlerMapping" />
  <bean class="org.springframework.web.portlet.mvc.annotation.AnnotationMethodHandlerAdapter" />

  <!-- Common -->
  <bean id="viewResolver" class="org.springframework.web.servlet.view.InternalResourceViewResolver">
    <property name="viewClass" value="org.springframework.web.servlet.view.JstlView" />
    <property name="prefix" value="/WEB-INF/jsp/" />
    <property name="suffix" value=".jsp" />
  </bean>
  
  <!-- Message source for this context, loaded from localized "messages_xx" files -->
  <bean id="messageSource" class="org.springframework.context.support.ResourceBundleMessageSource">
    <property name="basename"><value>messages</value></property>
  </bean>
  
	<bean class="org.springframework.web.portlet.handler.SimpleMappingExceptionResolver">    
     <property name="defaultErrorView" value="SystemError" />    
	</bean> 
  
</beans>
